"0","library(""Hmisc"")"
"2","package ‘Hmisc’ was built under R version 4.0.5"
"2","package ‘ggplot2’ was built under R version 4.0.5"
"0","library(corrplot)"
"0","library(olsrr)"
"2","package ‘olsrr’ was built under R version 4.0.5"
"0","library(MASS)"
"0","library(""dplyr"")"
"2","package ‘dplyr’ was built under R version 4.0.5"
"0","library(MPV)"
"2","package ‘MPV’ was built under R version 4.0.5"
"0","library(goftest)"
"0","library(lmtest)"
"2","package ‘lmtest’ was built under R version 4.0.5"
"2","package ‘zoo’ was built under R version 4.0.5"
"0","library(ModelMetrics)"
"2","package ‘ModelMetrics’ was built under R version 4.0.5"
"0","library(DescTools)"
"2","package ‘DescTools’ was built under R version 4.0.5"
"0","library(blorr)"
"2","package ‘blorr’ was built under R version 4.0.5"
"0","library(tree)"
"2","package ‘tree’ was built under R version 4.0.5"
"0","library(leaps)"
"2","package ‘leaps’ was built under R version 4.0.5"
"0","library(blorr)"
"0","library(MPV)"
"0","library(randomForest)"
"2","package ‘randomForest’ was built under R version 4.0.5"
"0","library(car)"
"2","package ‘car’ was built under R version 4.0.5"
"0","library(""psych"")"
"2","package ‘psych’ was built under R version 4.0.5"
"0","library(InformationValue)"
"2","package ‘InformationValue’ was built under R version 4.0.5"
"0","library(car)"
"0","library(ISLR)"
"2","package ‘ISLR’ was built under R version 4.0.5"
"0","library(leaps)"
"0","library(ggplot2)"
"0","library(caret)"
"2","package ‘caret’ was built under R version 4.0.5"
"0","library(boot)"
"0","library(ROSE)"
"2","package ‘ROSE’ was built under R version 4.0.5"
"0","library(ROCR)"
"2","package ‘ROCR’ was built under R version 4.0.5"
"0","library(heplots)"
"2","package ‘heplots’ was built under R version 4.0.5"
"0","library(""psych"")"
"0","library(klaR)"
"2","package ‘klaR’ was built under R version 4.0.5"
